<?xml version="1.0" encoding="utf-8"?>
<!--/884708/1444398/2.50/33/4/Integrated Circuit/-->
<quadcept_library>
  <setting unit="mil" />
  <textstyle name="Default" height="47.244094488189" strokewidth="7.8740157480315" charwidth="47.244094488189" />
  <textstyle name="Dimension" height="19.6850393700787" strokewidth="0" charwidth="19.6850393700787" />
  <textstyle name="H127W0635TH00762" height="50" strokewidth="3" charwidth="25" />
  <textstyle name="H15W15TH02" height="59.0551181102362" strokewidth="7.8740157480315" charwidth="59.0551181102362" />
  <padstyle name="r85_30" surface="True" plated="False" isvia="False" nopaste="False" nomask="True" complex="False" holesize="0">
    <padshape layer="TOP" shape="rectangle" width="11.811023622047" height="33.464566929133" />
    <padshape layer="TOP_SOLDER_PASTE" shape="rectangle" width="11.811023622047" height="33.464566929133" />
    <padshape layer="TOP_SOLDER_MASK" shape="rectangle" width="19.685039370078" height="41.338582677165" />
  </padstyle>
  <padstyle name="r325_325" surface="True" plated="False" isvia="False" nopaste="False" nomask="True" complex="False" holesize="0">
    <padshape layer="TOP" shape="rectangle" width="127.95275590551" height="127.95275590551" />
    <padshape layer="TOP_SOLDER_MASK" shape="rectangle" width="135.82677165354" height="135.82677165354" />
    <padshape layer="TOP_SOLDER_PASTE" shape="rectangle" width="127.95275590551" height="127.95275590551" />
  </padstyle>
  <footprint name="QFN50P500X500X100-33N" originx="0" originy="0" pickpointx="0" pickpointy="0">
    <pcbpin number="1" name="1" style="r85_30" originx="-96.456692913385" originy="68.897637795275" rotation="90" />
    <pcbpin number="2" name="2" style="r85_30" originx="-96.456692913385" originy="49.212598425196" rotation="90" />
    <pcbpin number="3" name="3" style="r85_30" originx="-96.456692913385" originy="29.527559055118" rotation="90" />
    <pcbpin number="4" name="4" style="r85_30" originx="-96.456692913385" originy="9.8425196850392" rotation="90" />
    <pcbpin number="5" name="5" style="r85_30" originx="-96.456692913385" originy="-9.8425196850392" rotation="90" />
    <pcbpin number="6" name="6" style="r85_30" originx="-96.456692913385" originy="-29.527559055118" rotation="90" />
    <pcbpin number="7" name="7" style="r85_30" originx="-96.456692913385" originy="-49.212598425196" rotation="90" />
    <pcbpin number="8" name="8" style="r85_30" originx="-96.456692913385" originy="-68.897637795275" rotation="90" />
    <pcbpin number="9" name="9" style="r85_30" originx="-68.897637795275" originy="-96.456692913385" rotation="0" />
    <pcbpin number="10" name="10" style="r85_30" originx="-49.212598425196" originy="-96.456692913385" rotation="0" />
    <pcbpin number="11" name="11" style="r85_30" originx="-29.527559055118" originy="-96.456692913385" rotation="0" />
    <pcbpin number="12" name="12" style="r85_30" originx="-9.8425196850392" originy="-96.456692913385" rotation="0" />
    <pcbpin number="13" name="13" style="r85_30" originx="9.8425196850392" originy="-96.456692913385" rotation="0" />
    <pcbpin number="14" name="14" style="r85_30" originx="29.527559055118" originy="-96.456692913385" rotation="0" />
    <pcbpin number="15" name="15" style="r85_30" originx="49.212598425196" originy="-96.456692913385" rotation="0" />
    <pcbpin number="16" name="16" style="r85_30" originx="68.897637795275" originy="-96.456692913385" rotation="0" />
    <pcbpin number="17" name="17" style="r85_30" originx="96.456692913385" originy="-68.897637795275" rotation="90" />
    <pcbpin number="18" name="18" style="r85_30" originx="96.456692913385" originy="-49.212598425196" rotation="90" />
    <pcbpin number="19" name="19" style="r85_30" originx="96.456692913385" originy="-29.527559055118" rotation="90" />
    <pcbpin number="20" name="20" style="r85_30" originx="96.456692913385" originy="-9.8425196850392" rotation="90" />
    <pcbpin number="21" name="21" style="r85_30" originx="96.456692913385" originy="9.8425196850392" rotation="90" />
    <pcbpin number="22" name="22" style="r85_30" originx="96.456692913385" originy="29.527559055118" rotation="90" />
    <pcbpin number="23" name="23" style="r85_30" originx="96.456692913385" originy="49.212598425196" rotation="90" />
    <pcbpin number="24" name="24" style="r85_30" originx="96.456692913385" originy="68.897637795275" rotation="90" />
    <pcbpin number="25" name="25" style="r85_30" originx="68.897637795275" originy="96.456692913385" rotation="0" />
    <pcbpin number="26" name="26" style="r85_30" originx="49.212598425196" originy="96.456692913385" rotation="0" />
    <pcbpin number="27" name="27" style="r85_30" originx="29.527559055118" originy="96.456692913385" rotation="0" />
    <pcbpin number="28" name="28" style="r85_30" originx="9.8425196850392" originy="96.456692913385" rotation="0" />
    <pcbpin number="29" name="29" style="r85_30" originx="-9.8425196850392" originy="96.456692913385" rotation="0" />
    <pcbpin number="30" name="30" style="r85_30" originx="-29.527559055118" originy="96.456692913385" rotation="0" />
    <pcbpin number="31" name="31" style="r85_30" originx="-49.212598425196" originy="96.456692913385" rotation="0" />
    <pcbpin number="32" name="32" style="r85_30" originx="-68.897637795275" originy="96.456692913385" rotation="0" />
    <pcbpin number="33" name="33" style="r325_325" originx="0" originy="0" rotation="0" />
    <line layer="TOP_PLACE_BOUND" originx="-123.03149606299" originy="123.03149606299" endx="123.03149606299" endy="123.03149606299" width="1.9685039370079" />
    <line layer="TOP_PLACE_BOUND" originx="123.03149606299" originy="123.03149606299" endx="123.03149606299" endy="-123.03149606299" width="1.9685039370079" />
    <line layer="TOP_PLACE_BOUND" originx="123.03149606299" originy="-123.03149606299" endx="-123.03149606299" endy="-123.03149606299" width="1.9685039370079" />
    <line layer="TOP_PLACE_BOUND" originx="-123.03149606299" originy="-123.03149606299" endx="-123.03149606299" endy="123.03149606299" width="1.9685039370079" />
    <line layer="TOP_ASSEMBLY" originx="-98.425196850392" originy="98.425196850392" endx="98.425196850392" endy="98.425196850392" width="3.9370078740157" />
    <line layer="TOP_ASSEMBLY" originx="98.425196850392" originy="98.425196850392" endx="98.425196850392" endy="-98.425196850392" width="3.9370078740157" />
    <line layer="TOP_ASSEMBLY" originx="98.425196850392" originy="-98.425196850392" endx="-98.425196850392" endy="-98.425196850392" width="3.9370078740157" />
    <line layer="TOP_ASSEMBLY" originx="-98.425196850392" originy="-98.425196850392" endx="-98.425196850392" endy="98.425196850392" width="3.9370078740157" />
    <line layer="TOP_ASSEMBLY" originx="-98.425196850392" originy="78.740157480314" endx="-78.740157480314" endy="98.425196850392" width="3.9370078740157" />
    <arc layer="TOP_SILKSCREEN" originx="-113.18897637795" originy="98.425196850392" startangle="180" sweepangle="180" radius="4.9212598425196" width="9.8425196850392" />
    <arc layer="TOP_SILKSCREEN" originx="-113.18897637795" originy="98.425196850392" startangle="180" sweepangle="-180" radius="4.9212598425196" width="9.8425196850392" />
  </footprint>
  <symbol name="ATMEGA16U2" originx="0" originy="0">
    <line originx="200" originy="1200" endx="3200" endy="1200" width="0" />
    <line originx="3200" originy="-2700" endx="3200" endy="1200" width="0" />
    <line originx="3200" originy="-2700" endx="200" endy="-2700" width="0" />
    <line originx="200" originy="1200" endx="200" endy="-2700" width="0" />
    <sympin number="1" originx="200" originy="0" rotation="180" length="100" width="7.8740157480315" flipped="False">
      <text name="pinname" originx="230" originy="0" style="Default" rotation="0" justify="left" flipped="False" hidden="False" data="XTAL1" />
      <text name="pindes" originx="140" originy="20" style="Default" rotation="0" justify="lowerright" flipped="False" hidden="False" data="1" />
    </sympin>
    <sympin number="2" originx="200" originy="-100" rotation="180" length="100" width="7.8740157480315" flipped="False">
      <text name="pinname" originx="230" originy="-100" style="Default" rotation="0" justify="left" flipped="False" hidden="False" data="(PC0)_XTAL2" />
      <text name="pindes" originx="140" originy="-80" style="Default" rotation="0" justify="lowerright" flipped="False" hidden="False" data="2" />
    </sympin>
    <sympin number="3" originx="200" originy="-200" rotation="180" length="100" width="7.8740157480315" flipped="False">
      <text name="pinname" originx="230" originy="-200" style="Default" rotation="0" justify="left" flipped="False" hidden="False" data="GND" />
      <text name="pindes" originx="140" originy="-180" style="Default" rotation="0" justify="lowerright" flipped="False" hidden="False" data="3" />
    </sympin>
    <sympin number="4" originx="200" originy="-300" rotation="180" length="100" width="7.8740157480315" flipped="False">
      <text name="pinname" originx="230" originy="-300" style="Default" rotation="0" justify="left" flipped="False" hidden="False" data="VCC" />
      <text name="pindes" originx="140" originy="-280" style="Default" rotation="0" justify="lowerright" flipped="False" hidden="False" data="4" />
    </sympin>
    <sympin number="5" originx="200" originy="-400" rotation="180" length="100" width="7.8740157480315" flipped="False">
      <text name="pinname" originx="230" originy="-400" style="Default" rotation="0" justify="left" flipped="False" hidden="False" data="PC2_(PCINT11_/_AIN2_)" />
      <text name="pindes" originx="140" originy="-380" style="Default" rotation="0" justify="lowerright" flipped="False" hidden="False" data="5" />
    </sympin>
    <sympin number="6" originx="200" originy="-500" rotation="180" length="100" width="7.8740157480315" flipped="False">
      <text name="pinname" originx="230" originy="-500" style="Default" rotation="0" justify="left" flipped="False" hidden="False" data="PD0_(OC.0B_/_INT0)" />
      <text name="pindes" originx="140" originy="-480" style="Default" rotation="0" justify="lowerright" flipped="False" hidden="False" data="6" />
    </sympin>
    <sympin number="7" originx="200" originy="-600" rotation="180" length="100" width="7.8740157480315" flipped="False">
      <text name="pinname" originx="230" originy="-600" style="Default" rotation="0" justify="left" flipped="False" hidden="False" data="PD1_(AIN0_/_INT1)" />
      <text name="pindes" originx="140" originy="-580" style="Default" rotation="0" justify="lowerright" flipped="False" hidden="False" data="7" />
    </sympin>
    <sympin number="8" originx="200" originy="-700" rotation="180" length="100" width="7.8740157480315" flipped="False">
      <text name="pinname" originx="230" originy="-700" style="Default" rotation="0" justify="left" flipped="False" hidden="False" data="PD2_(RXD1_/_AIN1_/_INT2)" />
      <text name="pindes" originx="140" originy="-680" style="Default" rotation="0" justify="lowerright" flipped="False" hidden="False" data="8" />
    </sympin>
    <sympin number="9" originx="1300" originy="-2700" rotation="270" length="100" width="7.8740157480315" flipped="False">
      <text name="pinname" originx="1300" originy="-2670" style="Default" rotation="0" justify="left" flipped="False" hidden="False" data="PD3_(TXD1_/_INT3)" />
      <text name="pindes" originx="1280" originy="-2760" style="Default" rotation="0" justify="lowerright" flipped="False" hidden="False" data="9" />
    </sympin>
    <sympin number="10" originx="1400" originy="-2700" rotation="270" length="100" width="7.8740157480315" flipped="False">
      <text name="pinname" originx="1400" originy="-2670" style="Default" rotation="0" justify="left" flipped="False" hidden="False" data="PD4_(INT5/_AIN3)" />
      <text name="pindes" originx="1380" originy="-2760" style="Default" rotation="0" justify="lowerright" flipped="False" hidden="False" data="10" />
    </sympin>
    <sympin number="11" originx="1500" originy="-2700" rotation="270" length="100" width="7.8740157480315" flipped="False">
      <text name="pinname" originx="1500" originy="-2670" style="Default" rotation="0" justify="left" flipped="False" hidden="False" data="PD5_(XCK_/_AIN4_/_PCINT12)" />
      <text name="pindes" originx="1480" originy="-2760" style="Default" rotation="0" justify="lowerright" flipped="False" hidden="False" data="11" />
    </sympin>
    <sympin number="12" originx="1600" originy="-2700" rotation="270" length="100" width="7.8740157480315" flipped="False">
      <text name="pinname" originx="1600" originy="-2670" style="Default" rotation="0" justify="left" flipped="False" hidden="False" data="PD6_(\RTS_\/_AIN5_/_INT6)" />
      <text name="pindes" originx="1580" originy="-2760" style="Default" rotation="0" justify="lowerright" flipped="False" hidden="False" data="12" />
    </sympin>
    <sympin number="13" originx="1700" originy="-2700" rotation="270" length="100" width="7.8740157480315" flipped="False">
      <text name="pinname" originx="1700" originy="-2670" style="Default" rotation="0" justify="left" flipped="False" hidden="False" data="PD7_(\CTS_\/_HWB_/_AIN6_/_T0_/_INT7)" />
      <text name="pindes" originx="1680" originy="-2760" style="Default" rotation="0" justify="lowerright" flipped="False" hidden="False" data="13" />
    </sympin>
    <sympin number="14" originx="1800" originy="-2700" rotation="270" length="100" width="7.8740157480315" flipped="False">
      <text name="pinname" originx="1800" originy="-2670" style="Default" rotation="0" justify="left" flipped="False" hidden="False" data="PB0_(\SS_\/_PCINT0)" />
      <text name="pindes" originx="1780" originy="-2760" style="Default" rotation="0" justify="lowerright" flipped="False" hidden="False" data="14" />
    </sympin>
    <sympin number="15" originx="1900" originy="-2700" rotation="270" length="100" width="7.8740157480315" flipped="False">
      <text name="pinname" originx="1900" originy="-2670" style="Default" rotation="0" justify="left" flipped="False" hidden="False" data="PB1_(SCLK_/_PCINT1)" />
      <text name="pindes" originx="1880" originy="-2760" style="Default" rotation="0" justify="lowerright" flipped="False" hidden="False" data="15" />
    </sympin>
    <sympin number="16" originx="2000" originy="-2700" rotation="270" length="100" width="7.8740157480315" flipped="False">
      <text name="pinname" originx="2000" originy="-2670" style="Default" rotation="0" justify="left" flipped="False" hidden="False" data="PB2_(PDI_/_MOSI_/_PCINT2)" />
      <text name="pindes" originx="1980" originy="-2760" style="Default" rotation="0" justify="lowerright" flipped="False" hidden="False" data="16" />
    </sympin>
    <sympin number="24" originx="3200" originy="0" rotation="0" length="100" width="7.8740157480315" flipped="False">
      <text name="pinname" originx="3170" originy="0" style="Default" rotation="0" justify="right" flipped="False" hidden="False" data="\RESET_(PC1_\/_DW)" />
      <text name="pindes" originx="3260" originy="20" style="Default" rotation="0" justify="lowerleft" flipped="False" hidden="False" data="24" />
    </sympin>
    <sympin number="23" originx="3200" originy="-100" rotation="0" length="100" width="7.8740157480315" flipped="False">
      <text name="pinname" originx="3170" originy="-100" style="Default" rotation="0" justify="right" flipped="False" hidden="False" data="PC6_(OC.1A_/_PCINT8)" />
      <text name="pindes" originx="3260" originy="-80" style="Default" rotation="0" justify="lowerleft" flipped="False" hidden="False" data="23" />
    </sympin>
    <sympin number="22" originx="3200" originy="-200" rotation="0" length="100" width="7.8740157480315" flipped="False">
      <text name="pinname" originx="3170" originy="-200" style="Default" rotation="0" justify="right" flipped="False" hidden="False" data="PC7_(INT4_/_ICP1_/_CLKO)" />
      <text name="pindes" originx="3260" originy="-180" style="Default" rotation="0" justify="lowerleft" flipped="False" hidden="False" data="22" />
    </sympin>
    <sympin number="21" originx="3200" originy="-300" rotation="0" length="100" width="7.8740157480315" flipped="False">
      <text name="pinname" originx="3170" originy="-300" style="Default" rotation="0" justify="right" flipped="False" hidden="False" data="PB7__(PCINT7_/_OC.0A_/_OC.1C)" />
      <text name="pindes" originx="3260" originy="-280" style="Default" rotation="0" justify="lowerleft" flipped="False" hidden="False" data="21" />
    </sympin>
    <sympin number="20" originx="3200" originy="-400" rotation="0" length="100" width="7.8740157480315" flipped="False">
      <text name="pinname" originx="3170" originy="-400" style="Default" rotation="0" justify="right" flipped="False" hidden="False" data="PB6__(PCINT6)" />
      <text name="pindes" originx="3260" originy="-380" style="Default" rotation="0" justify="lowerleft" flipped="False" hidden="False" data="20" />
    </sympin>
    <sympin number="19" originx="3200" originy="-500" rotation="0" length="100" width="7.8740157480315" flipped="False">
      <text name="pinname" originx="3170" originy="-500" style="Default" rotation="0" justify="right" flipped="False" hidden="False" data="PB5__(PCINT5)" />
      <text name="pindes" originx="3260" originy="-480" style="Default" rotation="0" justify="lowerleft" flipped="False" hidden="False" data="19" />
    </sympin>
    <sympin number="18" originx="3200" originy="-600" rotation="0" length="100" width="7.8740157480315" flipped="False">
      <text name="pinname" originx="3170" originy="-600" style="Default" rotation="0" justify="right" flipped="False" hidden="False" data="PB4__(T1_/_PCINT4)" />
      <text name="pindes" originx="3260" originy="-580" style="Default" rotation="0" justify="lowerleft" flipped="False" hidden="False" data="18" />
    </sympin>
    <sympin number="17" originx="3200" originy="-700" rotation="0" length="100" width="7.8740157480315" flipped="False">
      <text name="pinname" originx="3170" originy="-700" style="Default" rotation="0" justify="right" flipped="False" hidden="False" data="PB3__(PDO_/_MISO_/_PCINT3)" />
      <text name="pindes" originx="3260" originy="-680" style="Default" rotation="0" justify="lowerleft" flipped="False" hidden="False" data="17" />
    </sympin>
    <sympin number="33" originx="1300" originy="1200" rotation="90" length="100" width="7.8740157480315" flipped="False">
      <text name="pinname" originx="1300" originy="1170" style="Default" rotation="0" justify="right" flipped="False" hidden="False" data="THERMAL_PAD" />
      <text name="pindes" originx="1280" originy="1260" style="Default" rotation="0" justify="lowerleft" flipped="False" hidden="False" data="33" />
    </sympin>
    <sympin number="32" originx="1400" originy="1200" rotation="90" length="100" width="7.8740157480315" flipped="False">
      <text name="pinname" originx="1400" originy="1170" style="Default" rotation="0" justify="right" flipped="False" hidden="False" data="AVCC" />
      <text name="pindes" originx="1380" originy="1260" style="Default" rotation="0" justify="lowerleft" flipped="False" hidden="False" data="32" />
    </sympin>
    <sympin number="31" originx="1500" originy="1200" rotation="90" length="100" width="7.8740157480315" flipped="False">
      <text name="pinname" originx="1500" originy="1170" style="Default" rotation="0" justify="right" flipped="False" hidden="False" data="UVCC" />
      <text name="pindes" originx="1480" originy="1260" style="Default" rotation="0" justify="lowerleft" flipped="False" hidden="False" data="31" />
    </sympin>
    <sympin number="30" originx="1600" originy="1200" rotation="90" length="100" width="7.8740157480315" flipped="False">
      <text name="pinname" originx="1600" originy="1170" style="Default" rotation="0" justify="right" flipped="False" hidden="False" data="D-" />
      <text name="pindes" originx="1580" originy="1260" style="Default" rotation="0" justify="lowerleft" flipped="False" hidden="False" data="30" />
    </sympin>
    <sympin number="29" originx="1700" originy="1200" rotation="90" length="100" width="7.8740157480315" flipped="False">
      <text name="pinname" originx="1700" originy="1170" style="Default" rotation="0" justify="right" flipped="False" hidden="False" data="D+" />
      <text name="pindes" originx="1680" originy="1260" style="Default" rotation="0" justify="lowerleft" flipped="False" hidden="False" data="29" />
    </sympin>
    <sympin number="28" originx="1800" originy="1200" rotation="90" length="100" width="7.8740157480315" flipped="False">
      <text name="pinname" originx="1800" originy="1170" style="Default" rotation="0" justify="right" flipped="False" hidden="False" data="UGND" />
      <text name="pindes" originx="1780" originy="1260" style="Default" rotation="0" justify="lowerleft" flipped="False" hidden="False" data="28" />
    </sympin>
    <sympin number="27" originx="1900" originy="1200" rotation="90" length="100" width="7.8740157480315" flipped="False">
      <text name="pinname" originx="1900" originy="1170" style="Default" rotation="0" justify="right" flipped="False" hidden="False" data="UCAP" />
      <text name="pindes" originx="1880" originy="1260" style="Default" rotation="0" justify="lowerleft" flipped="False" hidden="False" data="27" />
    </sympin>
    <sympin number="26" originx="2000" originy="1200" rotation="90" length="100" width="7.8740157480315" flipped="False">
      <text name="pinname" originx="2000" originy="1170" style="Default" rotation="0" justify="right" flipped="False" hidden="False" data="PC4_(PCINT10)" />
      <text name="pindes" originx="1980" originy="1260" style="Default" rotation="0" justify="lowerleft" flipped="False" hidden="False" data="26" />
    </sympin>
    <sympin number="25" originx="2100" originy="1200" rotation="90" length="100" width="7.8740157480315" flipped="False">
      <text name="pinname" originx="2100" originy="1170" style="Default" rotation="0" justify="right" flipped="False" hidden="False" data="PC5_(_PCINT9/_OC.1B)" />
      <text name="pindes" originx="2080" originy="1260" style="Default" rotation="0" justify="lowerleft" flipped="False" hidden="False" data="25" />
    </sympin>
  </symbol>
  <component name="ATMEGA16U2" designatorprefix="IC" height="39.370078740157" footprint="QFN50P500X500X100-33N">
    <comppin designator="1" sympin="1" pinswap="0" gateswap="0" gate="1" group="1" side="" type="Any" name="XTAL1" />
    <comppin designator="2" sympin="2" pinswap="0" gateswap="0" gate="1" group="1" side="" type="Any" name="(PC0)_XTAL2" />
    <comppin designator="3" sympin="3" pinswap="0" gateswap="0" gate="1" group="1" side="" type="Any" name="GND" />
    <comppin designator="4" sympin="4" pinswap="0" gateswap="0" gate="1" group="1" side="" type="Any" name="VCC" />
    <comppin designator="5" sympin="5" pinswap="0" gateswap="0" gate="1" group="1" side="" type="Any" name="PC2_(PCINT11_/_AIN2_)" />
    <comppin designator="6" sympin="6" pinswap="0" gateswap="0" gate="1" group="1" side="" type="Any" name="PD0_(OC.0B_/_INT0)" />
    <comppin designator="7" sympin="7" pinswap="0" gateswap="0" gate="1" group="1" side="" type="Any" name="PD1_(AIN0_/_INT1)" />
    <comppin designator="8" sympin="8" pinswap="0" gateswap="0" gate="1" group="1" side="" type="Any" name="PD2_(RXD1_/_AIN1_/_INT2)" />
    <comppin designator="9" sympin="9" pinswap="0" gateswap="0" gate="1" group="1" side="" type="Any" name="PD3_(TXD1_/_INT3)" />
    <comppin designator="10" sympin="10" pinswap="0" gateswap="0" gate="1" group="1" side="" type="Any" name="PD4_(INT5/_AIN3)" />
    <comppin designator="11" sympin="11" pinswap="0" gateswap="0" gate="1" group="1" side="" type="Any" name="PD5_(XCK_/_AIN4_/_PCINT12)" />
    <comppin designator="12" sympin="12" pinswap="0" gateswap="0" gate="1" group="1" side="" type="Any" name="PD6_(|RTS_|/_AIN5_/_INT6)" />
    <comppin designator="13" sympin="13" pinswap="0" gateswap="0" gate="1" group="1" side="" type="Any" name="PD7_(|CTS_|/_HWB_/_AIN6_/_T0_/_INT7)" />
    <comppin designator="14" sympin="14" pinswap="0" gateswap="0" gate="1" group="1" side="" type="Any" name="PB0_(|SS_|/_PCINT0)" />
    <comppin designator="15" sympin="15" pinswap="0" gateswap="0" gate="1" group="1" side="" type="Any" name="PB1_(SCLK_/_PCINT1)" />
    <comppin designator="16" sympin="16" pinswap="0" gateswap="0" gate="1" group="1" side="" type="Any" name="PB2_(PDI_/_MOSI_/_PCINT2)" />
    <comppin designator="17" sympin="17" pinswap="0" gateswap="0" gate="1" group="1" side="" type="Any" name="PB3__(PDO_/_MISO_/_PCINT3)" />
    <comppin designator="18" sympin="18" pinswap="0" gateswap="0" gate="1" group="1" side="" type="Any" name="PB4__(T1_/_PCINT4)" />
    <comppin designator="19" sympin="19" pinswap="0" gateswap="0" gate="1" group="1" side="" type="Any" name="PB5__(PCINT5)" />
    <comppin designator="20" sympin="20" pinswap="0" gateswap="0" gate="1" group="1" side="" type="Any" name="PB6__(PCINT6)" />
    <comppin designator="21" sympin="21" pinswap="0" gateswap="0" gate="1" group="1" side="" type="Any" name="PB7__(PCINT7_/_OC.0A_/_OC.1C)" />
    <comppin designator="22" sympin="22" pinswap="0" gateswap="0" gate="1" group="1" side="" type="Any" name="PC7_(INT4_/_ICP1_/_CLKO)" />
    <comppin designator="23" sympin="23" pinswap="0" gateswap="0" gate="1" group="1" side="" type="Any" name="PC6_(OC.1A_/_PCINT8)" />
    <comppin designator="24" sympin="24" pinswap="0" gateswap="0" gate="1" group="1" side="" type="Any" name="|RESET_(PC1_|/_DW)" />
    <comppin designator="25" sympin="25" pinswap="0" gateswap="0" gate="1" group="1" side="" type="Any" name="PC5_(_PCINT9/_OC.1B)" />
    <comppin designator="26" sympin="26" pinswap="0" gateswap="0" gate="1" group="1" side="" type="Any" name="PC4_(PCINT10)" />
    <comppin designator="27" sympin="27" pinswap="0" gateswap="0" gate="1" group="1" side="" type="Any" name="UCAP" />
    <comppin designator="28" sympin="28" pinswap="0" gateswap="0" gate="1" group="1" side="" type="Any" name="UGND" />
    <comppin designator="29" sympin="29" pinswap="0" gateswap="0" gate="1" group="1" side="" type="Any" name="D+" />
    <comppin designator="30" sympin="30" pinswap="0" gateswap="0" gate="1" group="1" side="" type="Any" name="D-" />
    <comppin designator="31" sympin="31" pinswap="0" gateswap="0" gate="1" group="1" side="" type="Any" name="UVCC" />
    <comppin designator="32" sympin="32" pinswap="0" gateswap="0" gate="1" group="1" side="" type="Any" name="AVCC" />
    <comppin designator="33" sympin="33" pinswap="0" gateswap="0" gate="1" group="1" side="" type="Any" name="THERMAL_PAD" />
    <attached_symbol gate="1" name="ATMEGA16U2" />
    <pinmap designator="1" footprintpin="1" />
    <pinmap designator="2" footprintpin="2" />
    <pinmap designator="3" footprintpin="3" />
    <pinmap designator="4" footprintpin="4" />
    <pinmap designator="5" footprintpin="5" />
    <pinmap designator="6" footprintpin="6" />
    <pinmap designator="7" footprintpin="7" />
    <pinmap designator="8" footprintpin="8" />
    <pinmap designator="9" footprintpin="9" />
    <pinmap designator="10" footprintpin="10" />
    <pinmap designator="11" footprintpin="11" />
    <pinmap designator="12" footprintpin="12" />
    <pinmap designator="13" footprintpin="13" />
    <pinmap designator="14" footprintpin="14" />
    <pinmap designator="15" footprintpin="15" />
    <pinmap designator="16" footprintpin="16" />
    <pinmap designator="17" footprintpin="17" />
    <pinmap designator="18" footprintpin="18" />
    <pinmap designator="19" footprintpin="19" />
    <pinmap designator="20" footprintpin="20" />
    <pinmap designator="21" footprintpin="21" />
    <pinmap designator="22" footprintpin="22" />
    <pinmap designator="23" footprintpin="23" />
    <pinmap designator="24" footprintpin="24" />
    <pinmap designator="25" footprintpin="25" />
    <pinmap designator="26" footprintpin="26" />
    <pinmap designator="27" footprintpin="27" />
    <pinmap designator="28" footprintpin="28" />
    <pinmap designator="29" footprintpin="29" />
    <pinmap designator="30" footprintpin="30" />
    <pinmap designator="31" footprintpin="31" />
    <pinmap designator="32" footprintpin="32" />
    <pinmap designator="33" footprintpin="33" />
    <text name="Datasheet" originx="0" originy="0" style="Default" rotation="0" justify="" flipped="False" hidden="True" data="http://ww1.microchip.com/downloads/en/DeviceDoc/doc7799.pdf" />
    <text name="Description" originx="0" originy="0" style="Default" rotation="0" justify="" flipped="False" hidden="True" data="AVR AVR ATmega Microcontroller IC 8-Bit 16MHz 16KB (8K x 16) FLASH 32-VQFN (5x5)" />
    <text name="Manufacturer_Name" originx="0" originy="0" style="Default" rotation="0" justify="" flipped="False" hidden="True" data="Microchip" />
    <text name="Manufacturer_Part_Number" originx="3250" originy="1300" style="Default" rotation="0" justify="left" flipped="False" hidden="False" data="ATMEGA16U2" />
    <text name="Mouser Part Number" originx="0" originy="0" style="Default" rotation="0" justify="" flipped="False" hidden="True" data="N/A" />
    <text name="Mouser Price/Stock" originx="0" originy="0" style="Default" rotation="0" justify="" flipped="False" hidden="True" data="https://www.mouser.co.uk/ProductDetail/Microchip-Technology-Atmel/ATMEGA16U2?qs=HbI%2FMOA3e14pFnJig5hY1g%3D%3D" />
    <text name="Arrow Part Number" originx="0" originy="0" style="Default" rotation="0" justify="" flipped="False" hidden="True" data="" />
    <text name="Arrow Price/Stock" originx="0" originy="0" style="Default" rotation="0" justify="" flipped="False" hidden="True" data="" />
  </component>
</quadcept_library>
